employee_id,first_name,last_name,email,job_title,department,hire_date,salary
82e0affd-0e02-4f2b-bce0-380f80d30609,Hector,Smith,mary58@smith.com,Psychotherapist,HR,1980-01-20,49314
626bb797-ca37-43d1-be9a-8034c03caf1d,Sharon,Moreno,gracewiley@vang.com,"Production designer, theatre/television/film",Finance,1973-03-05,40583
85c7cd04-9236-48b8-9fa6-701604a712f5,Audrey,Garcia,johnmiller@valdez-rogers.com,Location manager,Sales,2005-05-11,97074
eb664c01-959a-4a43-8a4b-bc38aaf3699e,Lauren,Bailey,nancy26@davis.info,"Physicist, medical",HR,1996-12-30,119283
ea2c4f74-ecf7-40ea-8786-8662e09c8cfa,Laurie,Martin,whitemackenzie@miranda-arellano.net,Tourism officer,Sales,1979-12-30,119867
8225c487-a8b0-49a8-8681-4816a2e80bad,Donna,Fischer,pamelapark@taylor.com,Psychotherapist,HR,1964-05-09,80969
7ccc5910-9fea-4f17-b79d-ddb83490f3c6,Sabrina,Green,ashley39@chen-reed.com,Chief Technology Officer,Engineering,1987-03-30,146524
3811b9e5-6b27-4663-9e19-76e39750ae29,Deborah,Rasmussen,acurry@martin.net,Sport and exercise psychologist,Finance,1978-11-29,65834
16069a59-436a-44b0-ba2d-877da08b7d9d,Stephanie,Everett,dixonjennifer@ferguson.com,"Designer, graphic",HR,1978-05-05,120729
9742ac5a-c22f-435a-bb9d-af552b099f8d,Nathaniel,Cooper,lukeharrington@tanner-hoffman.com,Oceanographer,HR,1973-07-06,63364
4a20c500-df74-4060-adc0-f6da318dbfd9,Brittany,Wilkerson,trevorhorn@johnson-miller.com,Science writer,Sales,1984-03-15,47142
3ff39efb-9180-42f7-bf27-5d21d3d5cbf1,Joseph,Harrington,luisalexander@mills-ayala.com,Equities trader,HR,2007-06-18,124265
68fd9371-e8b6-4be9-ae89-0410a4e897af,David,Burns,clarkshirley@hensley.com,Child psychotherapist,Finance,2000-11-16,144843
7c7a9168-f2bc-451c-b501-95a6f998dc77,Ann,Henry,birdmonique@sanchez.info,"Editor, film/video",Finance,1963-04-13,63120
359f1254-8c0d-46d8-8ce6-a0b3642a8227,Kevin,Coffey,paige16@spence.com,Herbalist,Marketing,1999-02-12,79794
eac862ff-5f19-4e3c-8243-00db867a8efd,Christian,Walters,oreynolds@franklin-hardy.com,Agricultural consultant,Engineering,1975-03-26,97234
d1089c7c-6c53-432c-b6da-28fe353bcad8,John,Weiss,michelle19@fletcher.com,Purchasing manager,HR,2001-12-06,98476
6ed2798e-098f-4a97-864f-d7bf6ede4545,Rachel,Jones,mitchelldonovan@flores-garcia.com,Amenity horticulturist,Sales,1978-04-14,110807
d74f717f-4cb3-454c-96dd-33a5ead8d968,David,Rodriguez,sortiz@stein-maldonado.com,Heritage manager,Finance,1966-04-29,82398
8c42d730-ba82-4948-9224-608f9c4fe679,Jeanne,Morgan,caseyjennifer@odonnell.com,Clinical biochemist,Sales,1971-01-03,131714
66f16c2e-78dc-4a44-b82b-60a1c040b9f0,Derrick,Estrada,marcusnorman@lambert.com,Medical secretary,Engineering,1992-03-02,91420
c71924f3-e472-4c9f-ad90-4a41081a2c96,Sandra,Sampson,jorge89@richard.com,Dramatherapist,Marketing,1989-05-26,94543
462f735b-24af-4338-8630-e63c12dc10eb,Teresa,Newman,zbaker@randolph.info,Nature conservation officer,Engineering,1990-08-25,51657
5407ba3e-c879-403c-890d-44b41fb5cec3,Jason,Roy,harriskevin@miller.info,Ceramics designer,Engineering,1983-03-25,91813
cfa0e635-2817-4447-aab7-ca419e5dfd7d,Amy,Matthews,scottjennifer@ramirez-serrano.com,Set designer,Finance,1990-11-15,136623
cfcb657a-df94-472d-b2ee-cc2dcd2931fb,Stephen,Rodriguez,maryflowers@oconnor.info,Estate manager/land agent,Finance,1998-10-09,78320
5d42ccbf-9780-4454-a2f3-e7e338461aec,Jeffrey,Pierce,blyons@vega.com,Leisure centre manager,Finance,1988-10-26,66680
45ecc038-445c-4b25-a07a-9342b898e77a,Pamela,Wagner,moorenicholas@neal.biz,"Nurse, children's",HR,1984-10-05,99162
381f7b80-9b1f-4eb8-9e59-ab15cd214041,Natalie,Castillo,contrerasmatthew@banks.com,"Buyer, industrial",HR,1992-06-22,100586
53e8e9fc-4fbe-4132-bfc5-eec2b967b38e,Andrea,Harris,jesse13@pittman.com,Sport and exercise psychologist,Engineering,1977-06-21,143749
458cba1f-e69f-46c0-b296-6ebbb0badf3e,Ryan,Small,traciperkins@anderson.info,"Engineer, chemical",HR,2001-01-31,93054
56d810a6-23b9-4d15-bd55-7df9dbee59bd,Dylan,Simmons,melanie95@miller.net,"Scientist, research (physical sciences)",Sales,2004-01-29,132656
6a5afea2-a14a-4bd9-b267-b2764effac9d,Alexis,Bishop,tiffanycarroll@anderson.net,Firefighter,Sales,1992-09-05,135287
c36437a2-e3ec-4f7a-8435-92222820e984,Casey,Cisneros,jordan37@andrews.net,Architectural technologist,Finance,1969-10-19,62571
a47c0d1b-72ca-461b-bb9b-fbfe60b04666,Judy,Sanders,cbradford@evans.com,Pathologist,Engineering,1968-12-10,70667
1c7bac94-0654-4342-9756-2b2384036bf4,Brent,Hale,alexis59@peterson.com,Scientific laboratory technician,Marketing,1972-08-31,54542
ade1f46f-bfc8-412b-80b1-70fa21876743,David,Wells,clarkgabriella@ross.biz,Airline pilot,HR,2005-03-29,48831
2122364c-0946-473c-bdf3-1daf8dd696cf,Donna,Holt,williampatterson@smith.com,Futures trader,Engineering,1985-03-07,105629
89e15c9e-cd3d-46e8-96a8-6bd8f79db505,Amy,Davis,chansen@petersen-sanchez.com,Chief Operating Officer,Engineering,1976-12-01,59517
07c28d3d-9d0e-41e8-a491-756b7ab6bd71,Karen,Wilson,adamrussell@hernandez.info,Architectural technologist,Engineering,1991-12-31,45193
1c2a9d8b-e353-4716-a00b-de4f8519a193,Kelsey,Mendoza,cjones@nelson-weaver.org,Trade mark attorney,Finance,1969-09-29,130896
8585f6c1-39b7-45be-a194-cd390a22380f,Christina,Roberts,kevin90@cross.com,Music therapist,Marketing,1973-10-15,72252
24d4f79e-1438-4517-ba06-2533cece217d,Janet,Simmons,zmarsh@taylor.com,Youth worker,Sales,1988-09-16,47124
7c2915eb-52ee-4ff9-a234-be6fadd78b77,Keith,Bailey,kevin94@collier.com,Architect,Engineering,1993-05-22,119845
09d3c84f-de9a-4865-b372-a97b38a3973e,Joshua,Simmons,connie60@anderson.com,Housing manager/officer,Marketing,1973-08-21,109005
4fb5d919-c394-439a-821e-e8a9ed864ef5,Sydney,Bowen,raysandra@schwartz.com,"Education officer, environmental",HR,1959-11-12,52321
41b48f7c-fa25-45c2-acff-9cac452db19b,Cassandra,Pratt,gpadilla@jacobs.biz,"Scientist, marine",Finance,1973-07-06,53163
beaa0cee-61d8-4164-9656-8b21d80c6dd4,Meghan,Schneider,eevans@montoya.com,Pensions consultant,Finance,2001-05-31,117272
baf5b15e-659d-489e-82d8-0a5701b9691c,Elijah,Graham,danderson@woods.org,Veterinary surgeon,Finance,1985-04-01,100659
e786654e-7e3a-434b-985b-fe76a9b0690d,Matthew,Holmes,ymendoza@lee.biz,Magazine journalist,Sales,1975-10-08,49998
4d014128-80de-4dc7-a6af-a3f02f7e637c,Timothy,Kidd,courtneygraham@salazar-english.com,Ophthalmologist,Finance,1967-12-26,91143
664746fc-a4aa-4e2a-88d6-6b2377fc17c1,Jennifer,Robinson,tracygonzales@santana-stewart.net,Patent examiner,Finance,1973-01-30,47517
b4d7d99d-c075-49c2-835d-d54fdadcd51e,David,Johnson,levi80@perry-weaver.com,Sports development officer,Sales,1977-06-20,87085
b1cfa9b6-7a69-4b48-92ba-5b8cbc7ebccd,Karen,Lewis,anthony18@armstrong.com,Travel agency manager,HR,1965-05-06,65240
a50792a2-4fc6-4cd7-9bf3-c9ab47deb6af,Kaitlin,Moore,jacob17@scott.biz,Catering manager,Engineering,1983-10-27,149824
4de1c284-c220-47a4-bcbd-eb39174741e0,Jesse,Robbins,drobinson@hicks.net,"Biochemist, clinical",HR,1997-05-06,105880
ef027a50-1582-441f-be59-6586a9a9668f,Anthony,Johnson,robinsonkayla@fitzgerald-chambers.com,Data processing manager,HR,2005-01-19,93693
6a96ade3-357c-4bc0-af3a-6dae3d7da4f1,Samantha,Davis,bsanchez@gallagher.com,Fashion designer,HR,1962-10-31,47014
80705191-09e6-4903-a1c4-dac15a79b9c6,Sarah,Johnson,nicolestewart@edwards.com,Technical author,Marketing,2002-09-13,42299
39caf4e1-e983-4eba-aaf7-3bfc383f3ad5,Paul,Hayden,umorales@lopez.com,"Engineer, aeronautical",Engineering,2001-05-04,138549
22816ec9-9793-42bd-8b1c-fc37e148c6cc,Melinda,Martin,martinapril@alvarez-scott.com,Passenger transport manager,Marketing,1997-11-15,89238
02967156-0d5a-4f4f-ba4c-034e94b90320,Bryan,Jones,millerbrian@bartlett-brown.com,Nutritional therapist,HR,1969-01-24,102096
c5c1e57c-d90d-44af-936d-7ba280ca95e5,Andrew,Glenn,mark14@li.com,Forest/woodland manager,Sales,1993-01-13,138018
33c989ea-d056-4a05-85c9-406446a552a9,Rita,Carrillo,jacquelineelliott@davidson.com,"Research officer, political party",Sales,1986-04-28,129926
654992da-98bc-472f-b2ee-4faa9bcbc35e,Martha,Smith,matthew10@flynn-edwards.com,Patent attorney,HR,1985-08-04,98874
1d58d4bd-bdb6-46fd-8db6-52bba9b1999e,Melanie,Flores,gmassey@kim.com,Theatre director,Sales,1990-08-08,51617
37434dc3-f2ce-450b-9aee-d84c172fcdfe,Alicia,Weaver,william87@rodriguez-moss.com,Retail manager,Sales,1964-04-24,56325
8e5fe0a8-17e4-45c8-be41-2e1fed5d767a,Brian,Wallace,taramckee@jones-haynes.com,Commercial art gallery manager,Finance,1983-10-07,124697
33e72fdb-fd85-4970-bfe9-532b47e0da6f,Isabella,Robles,rebecca62@perry.com,Paediatric nurse,Sales,1968-01-08,107152
6517ebea-82b0-4b67-8f2d-afefd627283e,Danielle,Wilson,charlene09@durham-meyers.biz,Microbiologist,Engineering,2004-06-21,137694
8db4946a-859c-44b0-b0f7-947864922468,Raymond,Cox,jenniferflores@shea-wheeler.com,Television production assistant,Finance,1967-05-26,124930
6772d3a0-1d75-4d2a-a76b-693e7ba700c7,Rebecca,Watts,rosealexander@fry.com,Toxicologist,HR,1966-03-26,139524
52e432f6-0ada-4210-922d-b8144960e08c,William,Arias,orozcolisa@phillips.com,Data processing manager,Marketing,1966-11-22,84787
a2351b4c-7ae1-41d6-ab64-eb399702fcfe,Jeffrey,Martinez,amandagreer@sanchez.com,IT sales professional,Engineering,2002-11-26,148400
e1ece058-0eba-46ba-ba4d-182cc1f88899,Veronica,Thomas,martinjulia@blackburn-perez.com,Senior tax professional/tax inspector,Sales,1975-01-16,119883
859c2dc8-2d67-41f0-8a8f-a2c7df88363a,Sarah,Thompson,rodgersamanda@harper-scott.info,Pensions consultant,Finance,1989-06-30,107393
50c3d795-2be2-4607-93a0-37e65d4ba084,Mary,Roberts,lferguson@moore-washington.com,Product manager,HR,1974-07-11,56630
b40d6103-7595-4cbf-a7cc-7126e5d2bb6e,Marc,Nelson,michaelsmith@lewis.com,Health physicist,Engineering,1974-02-20,63560
3488e91d-9b6b-4b53-82c5-d5f9eb6795bb,Bradley,Diaz,robert31@hensley.biz,Graphic designer,Engineering,1966-10-01,137980
20b03112-43e8-4267-b31b-3fa975c82fa6,Heather,Cox,williamrobertson@anderson.com,Make,Engineering,1995-05-08,102237
aad9017a-4b2e-4442-ae15-acad1a30ae42,Marie,Bishop,mburch@hammond.net,Acupuncturist,Marketing,1965-06-06,50947
1323d891-6677-4dc9-ab7c-04f4001462b9,Jamie,Martinez,james38@taylor.com,Animator,HR,1971-08-10,81321
5f1c3236-f258-43d7-b088-e61e5047d1f4,Jennifer,Price,donaldryan@campbell-cruz.info,Print production planner,HR,1997-12-08,82160
8d90ae43-53cc-4059-b922-f0a32cf73906,Phillip,Garcia,ian41@stafford.com,Minerals surveyor,Engineering,1967-03-05,134727
e2cb2221-136e-4379-900c-b21896e62bc0,Elizabeth,Brown,markedwards@smith.com,Glass blower/designer,Marketing,1994-01-04,124461
4b628b20-c78c-46b0-bb66-3e6cb99dbe3e,Amy,Mendez,roselewis@cain.com,"Education officer, museum",Marketing,1997-04-14,99229
e630c05b-5506-4b73-84fa-d56dd64a2708,Donna,Delgado,vbarr@cook-allen.com,"Designer, textile",Sales,2001-02-18,125653
cabe708d-8d9f-4c5a-bd9b-5b891de5a0a5,Barbara,Johnson,kathleenanderson@osborne.info,Advice worker,Finance,1979-08-30,138688
78e0a53d-e90d-420a-b73a-acef8281b7ad,Valerie,Kane,lisa83@washington.info,"Research officer, government",Sales,1990-01-28,85718
8ad4285c-eb28-4a40-a51d-9006fcea0444,Tom,Hays,vmitchell@conner-wright.org,"Engineer, drilling",HR,1992-03-13,94531
c01f46ec-7784-491c-bc0c-ee8ac25d7ddb,Dennis,Jackson,bradleysantana@lloyd.com,Product manager,HR,1970-10-13,79346
832d308f-b2ce-40d4-8526-da649251e89a,William,Jackson,pattersonamanda@hawkins.com,Lexicographer,Engineering,1973-07-20,97177
7d4b3b8b-1c22-43c3-bff0-2c73e9f537aa,Eric,Medina,vwillis@owens.com,"Surveyor, hydrographic",Engineering,2006-12-09,125849
e6dce382-d1dc-4d3e-91af-c3781c919a52,Ernest,Frye,whitedavid@arnold.biz,Stage manager,Sales,1972-03-07,48220
83205940-08de-4f43-be8f-e96795611974,Dawn,Henderson,donald54@chavez.com,Advertising account executive,Sales,1979-03-07,125103
5bd3d4a1-3ab3-44a1-badd-5cf3bc629257,Joseph,Johnson,mcmahonamanda@ingram.com,Medical sales representative,Sales,1981-07-01,69591
9677eeaa-bc7d-4a1c-8a96-1417fee40c77,Carla,Boyd,christopher00@carney-moreno.com,English as a foreign language teacher,Sales,1979-03-16,85512
7a0eb11e-9c93-4de4-8736-d2626be02980,Crystal,Moreno,evansstephanie@preston.info,"Engineer, communications",Sales,1971-07-27,58150
a1d57516-4bbb-495b-90c4-4b2fd764da95,Marcus,White,charlene21@hernandez-martinez.biz,Insurance broker,Sales,2006-07-17,96201
4b81b980-077b-47c1-83c1-4ba0e8e28009,Thomas,Ortega,vhawkins@harper.info,Trade mark attorney,Marketing,2002-07-01,62544
95a182cf-a0c5-4069-a420-b8c75c8b709c,Debbie,Herrera,esimpson@wells-luna.info,Garment/textile technologist,Sales,1962-06-09,56077
12a47f2b-a3a7-41d2-8407-8c082fee67c6,Francis,Aguirre,heather60@johnson.com,Legal secretary,Engineering,1982-09-21,71114
13c2af64-7a99-45e1-8c16-f704c986f20e,Jeffery,Pearson,chelsea24@delacruz-hood.org,Illustrator,Engineering,2005-04-01,100680
ff912fe0-2fed-4012-bcfb-2d43fce8bad1,Marissa,Figueroa,hendrixtravis@lowe-zimmerman.org,Animator,Marketing,1969-01-22,55168
e5c5b227-4c53-4833-9ea6-e41117c486ef,Lisa,Gross,pwatson@schneider.com,Herbalist,Finance,1989-05-25,45726
a0bd666d-5966-49c0-9445-99adaa18985c,Nicholas,Taylor,pking@peterson.com,"Civil engineer, consulting",Marketing,1968-05-13,119294
f99e4074-4ea6-4467-9865-0c02e96fff66,Anna,King,fsoto@mccormick.com,Lexicographer,Marketing,1995-06-22,95515
78fbe769-0855-4d9f-a89c-9d8b57d69e9d,Kelly,Price,amber97@rogers.com,Ranger/warden,HR,1965-02-19,123771
1a3850ee-8a49-4309-8459-f3ec8147c28b,Nicole,Farrell,burgessjeremy@nash-walker.info,Farm manager,Sales,1964-12-05,126542
49e0d626-2c47-45bd-836e-7b4736baacf1,Maria,Moreno,xbrown@jones-reese.com,Dentist,Marketing,1963-10-22,93789
81ff6a34-f782-458f-95c5-62f44a009429,Teresa,Colon,daviscaroline@benitez.com,"Pharmacist, community",Marketing,1994-10-06,48486
98fde06f-0401-492c-816e-5c2fe148b2bf,Jimmy,Everett,lindavalencia@stanley.org,"Social research officer, government",Engineering,2006-12-24,71726
5aafd557-4620-4ce3-8d33-b78e1fd2dee2,Hannah,Guzman,elizabethcain@walker-white.com,Regulatory affairs officer,Engineering,2001-10-31,124588
c4af1d65-fdf4-4d4d-ba25-36f29ca83c5e,Tina,Adams,marvinlopez@schneider.biz,Financial trader,Sales,1973-03-19,129611
56cc34c1-45c7-4673-a76b-f6fffbe3b6f6,Andrew,Williams,sherigrant@johnson.com,Theme park manager,Engineering,1979-03-21,117868
3a03b1fd-6138-4ac8-815c-9780849bdd4c,Jack,Pena,dwarren@butler-bell.info,Waste management officer,Sales,1968-06-12,112441
0e284883-8eed-40b7-a3f7-87a69adf508b,Joshua,Beck,elizabethburke@poole.info,Public affairs consultant,Finance,1977-04-13,116755
066f24e7-9494-428e-a9c2-4b2a3653e588,Christopher,Patterson,robert04@davis-stewart.net,Photographer,Marketing,1981-02-21,59148
5b1ecc54-67df-4ede-a3c0-f5ad9cbefa3b,Christopher,Pierce,summersanders@sutton-brown.com,Food technologist,Marketing,1978-07-29,106350
df4b5d23-6f8e-47e1-a47d-9bd29a2d045d,Dorothy,Jackson,yjohnson@johnson.com,Social researcher,HR,1999-06-12,132363
bf5f7c60-d747-4436-82ba-ee1db85c9f61,Courtney,Hall,dustinhurst@hudson.com,Chartered loss adjuster,Sales,1962-01-08,51597
a386933f-0df0-410a-8d54-c6290899d75e,Whitney,Ponce,priscilla46@richardson-rojas.com,Armed forces technical officer,Finance,2007-02-16,143181
3803d061-b121-4586-b824-ec9da0efd287,Aaron,Holmes,natalie97@chavez.net,Product/process development scientist,Engineering,1980-12-28,82812
04292b8e-fac6-4777-b3ae-dd6f96f3c194,Jennifer,Greene,bwilliams@gordon.com,Editorial assistant,Marketing,1961-11-12,50574
38f16b34-93a5-44b1-b723-5e56b8abef6a,Michael,Robinson,scooper@miles.info,Public affairs consultant,Sales,1997-01-16,147751
f4ca897e-3d70-47bd-a177-ef0f57d76b00,Louis,Nguyen,xgutierrez@smith.com,"Engineer, communications",HR,1978-11-29,134392
c90100c7-4e9b-4ecd-9789-1f6333b1a2cc,Matthew,Hayes,bguerrero@holden-price.com,"Copywriter, advertising",Finance,2006-01-31,53995
d05ce0e1-d68b-4d97-909a-5747c7740aa9,Brian,Williams,prattnatalie@martinez.org,"Editor, magazine features",HR,1997-08-18,130362
e1025160-e299-419c-99be-01015b03ed0d,Bryan,Holmes,johncarpenter@johnson-martinez.org,Government social research officer,Sales,1963-06-02,77079
0392f40e-4459-4788-8277-9b06fbaee096,Nathaniel,Knight,michaelbenjamin@johnson.com,Records manager,Engineering,1996-12-14,80557
311644b8-8670-4f94-8620-520b9b3243ea,Aaron,Porter,ronald94@johnson-brown.com,Location manager,Engineering,1986-12-25,75632
a580cabf-c693-4a4c-873b-d19d11f31c34,Kristina,Bennett,james97@sharp-cabrera.net,Secondary school teacher,Marketing,1981-08-24,58589
4f064250-9b22-44af-a737-6cf01980c924,Rebecca,Martin,donaldgriffin@hernandez.com,Psychotherapist,HR,1963-11-13,142086
e550d1af-e5e1-4cf8-8fbd-1e0d98c3596b,Dorothy,Cardenas,karenfrazier@gomez-frost.com,Health and safety inspector,Finance,1966-12-14,138955
f76fccf8-57da-41ac-b3f2-e3b77594fe07,John,Gutierrez,higginssteve@harris.com,"Accountant, chartered certified",Finance,1996-03-19,136228
5150e082-d938-40fb-94d5-70e2c9b6b286,Brittany,Owens,halljessica@cook.com,Herbalist,Sales,2002-10-13,140661
89069236-44d1-467e-97e6-fa6fd1c0bb36,John,Copeland,shannondouglas@lopez.com,"Engineer, site",Engineering,1993-03-05,119405
f9406455-ed22-46b4-adcc-32cd5a9d2de0,Anthony,Johnson,savannahhill@smith.com,"Doctor, hospital",Sales,1978-08-10,72500
7e2c3328-5982-47f0-9809-7e5a57110661,Jacqueline,Barton,davidmills@clark.com,Camera operator,HR,1980-12-15,87560
20c259d2-aa7d-4447-94a0-a5011e76b579,Michael,Moore,wardcindy@ruiz.com,Stage manager,Marketing,1983-07-29,82528
e28f7ffc-605f-4204-be1f-395372b0d5dc,Joseph,Perez,amber51@richard.com,Public relations account executive,HR,2003-08-15,79895
0dd1af89-65f4-4f26-9a21-ee172ad5830e,Emily,White,woodpaige@yang.org,Financial risk analyst,Marketing,1970-02-14,102474
83952cab-a1bf-4e41-8c66-5cd034778faa,Cody,Clark,ashleymartinez@garrison.org,Transport planner,Sales,1980-02-02,130179
3d0aa5e4-7332-4199-b4a4-edac4d21e03f,William,Mitchell,benjaminflores@dixon.org,Farm manager,HR,1997-12-22,50298
54e5ddaa-e5dc-4e8a-bc84-ca86f2c71224,Manuel,Hernandez,floresrobert@holmes.com,"Journalist, magazine",Sales,1965-07-10,46503
8fce2926-4962-4acc-9b0b-b184c61a125d,James,Boyer,anne32@roth.com,Pathologist,HR,1994-02-07,71961
23a879fa-cd25-4c33-b813-d0bc742475ce,Jesus,Larson,samantha60@walter.biz,"Administrator, local government",Sales,1996-12-13,61558
3805a250-e3df-4298-9504-d5c281664e0e,Sean,Cooper,acooper@martinez.org,Financial trader,Sales,1983-12-07,117030
a687090a-fcf5-4ed0-bcc5-014d5264e955,Robert,Torres,smithlisa@sanchez-wall.com,Ambulance person,Sales,1976-11-11,47290
a46e3ba5-5421-44ef-a70c-651208c81dbf,Jacob,Taylor,conleyanthony@bond.com,Speech and language therapist,Sales,1972-12-29,137013
d0c263ec-d2f3-4f2a-bc00-41ac4e0c5c1a,Shannon,Smith,userrano@vaughn-miller.com,Clinical research associate,Finance,1959-10-31,98676
e9dcf5fb-708b-4bf0-8ae3-8eed69119f0f,Monica,Le,christophermartinez@carlson.biz,Field seismologist,Finance,1988-02-23,59452
93edb0bd-ed50-4c4d-88c2-c1599f93fc03,Jennifer,Webster,buchananbrent@riddle.com,Training and development officer,Marketing,1995-09-05,106062
e2c5e9fd-d81c-4b19-b1f5-323fc382df15,Erik,Wallace,richardkaufman@craig.com,Environmental health practitioner,HR,1991-10-06,134329
c4beb252-1bac-4acc-a787-8ab568cd11e5,Kristin,Davis,churchamanda@chase.com,"Engineer, chemical",Sales,2002-12-30,46262
7516192a-e848-45da-bf28-c2420313c657,Jason,Washington,riggsamanda@young.com,"Psychologist, prison and probation services",Engineering,1998-08-16,140425
646ca0e5-4d55-4b9e-b217-e9466be437f2,John,Byrd,jaime04@nguyen.com,Clinical research associate,Engineering,1984-08-26,140216
ab9f6f7d-20b8-4c06-a753-34220abbb028,Carolyn,Riley,jhorne@larson.net,Adult guidance worker,HR,1992-06-01,103459
00b0fc1b-6a7f-4f2e-ae0b-99e30329f3fc,Leslie,Carlson,achavez@lucas.org,Hospital doctor,HR,1999-01-11,102312
deabfd6f-f2d5-484d-85f7-14e8fd76d9c0,Juan,Manning,nelsonjaclyn@pena.net,Arts development officer,Finance,1982-09-11,74267
3ae5f9ec-2af2-4d87-a141-eb92e8f00340,Tiffany,Henderson,joel80@bradley.com,Hydrogeologist,Finance,1968-03-21,149844
751ae86d-7cae-47fa-849d-778b12893641,David,Mueller,simpsonjohnny@glover.com,Equality and diversity officer,Marketing,1998-01-17,140685
8ac8ff31-1f93-4277-9c38-eda12b79aec4,Jacqueline,Schmidt,dixonjonathan@johnson-johnson.biz,"Nurse, learning disability",Sales,1978-10-18,139394
a26644ee-5596-48c6-b6df-2cac93f72a5d,Keith,Allen,mroberson@johnson.com,Newspaper journalist,Finance,1995-12-24,119437
872dad3f-ca6e-4020-8697-e1d3e5dd2fa0,Michael,Mathis,gwilson@rodriguez-ramirez.org,Historic buildings inspector/conservation officer,Marketing,1977-08-27,122020
ecb7fa66-cbd4-4599-8eca-9781b2549f7f,Rebecca,Turner,craigwilliams@armstrong.com,Astronomer,Marketing,2005-01-20,69645
c9d10a5f-b56f-4788-9f67-6aa2b553bdd4,Joanne,Smith,anne81@stevenson.com,Environmental consultant,Finance,2001-07-11,53055
fc3befe9-6cf7-4835-a72f-af2f9e691c22,James,Silva,nathanielwilson@wilkinson.com,Bookseller,Sales,1976-07-14,100102
c1ad697c-13e8-478d-a344-a456a554be78,Joshua,Dean,simmonschristina@bishop.com,Mudlogger,HR,2002-02-26,142717
c80e0da1-bb75-479a-b58f-95584ae06389,Steven,Salas,huffbruce@zhang.org,Proofreader,Sales,1991-03-06,86703
b7bb5fd8-bab6-41ba-958e-b97e5c862e1f,Daniel,Stevens,raymondwarren@walker-adams.org,Environmental manager,Marketing,1964-11-04,114547
845c8e7f-953c-4c12-9a1d-a1f8159252a4,Laura,Morgan,flambert@austin.com,Hydrographic surveyor,HR,1979-09-22,119975
8bc9927e-6677-4a36-91a7-56f35b2e16f1,Charles,Pruitt,hflowers@collier-watts.com,Advertising account planner,Finance,1994-09-24,48243
367ae1ed-ca0a-415f-86ad-a3dd58f69e39,Ashley,Ryan,matthewoconnell@ross.com,Wellsite geologist,Finance,2006-06-06,89263
c0fe8057-3969-4070-a475-45864f7f2845,Mary,Robertson,johnbenson@warren.com,Advertising art director,Engineering,1961-08-25,101277
6f80d08f-eb18-470c-bdb1-cef85d8be1bc,Lindsey,Payne,lisa53@taylor.net,Community education officer,Marketing,1977-04-26,90005
e1e7ba47-9057-40ad-92a4-7e522805ca10,Dillon,Taylor,vanessa41@reeves-robertson.com,"Journalist, broadcasting",Sales,1994-01-09,60757
616d0744-8651-40b0-bf01-d96fd0e47611,Kelly,Yates,ashleeburke@proctor.net,Counselling psychologist,Engineering,1998-09-21,101740
66d19b56-7faa-4415-9f71-84637ed72858,Steve,Marquez,smartinez@benton-moon.net,Geochemist,Finance,1959-12-25,88912
bc00cb94-bbf7-4ac3-bfea-aaec7bdf42d8,Hannah,Williams,maryhart@mccarthy.com,Data processing manager,Finance,1990-11-02,56805
8c136f5c-caec-4791-8688-b28c9ae3db03,Justin,Adams,monica53@brown-young.com,International aid/development worker,Engineering,1961-06-09,93115
7fcea371-cabc-4ce3-86d8-f4c351912a31,Catherine,Thomas,mallen@allen-rosales.com,"Psychologist, forensic",HR,1991-07-28,96533
695d5090-a2b0-48d7-a60a-b1f0427688e9,Kimberly,Novak,gjohnson@frederick-myers.biz,Sports coach,Marketing,1990-07-31,126275
20733fe5-8297-4a43-baf3-aa4edb1b0ce9,Wendy,Powell,gilberthaley@chavez-mason.org,Research scientist (life sciences),HR,1968-04-05,119633
ef775b3b-65aa-469f-9cfb-96f472f4915d,Scott,Perez,wburton@liu.org,Learning disability nurse,Marketing,2006-05-13,107365
5d47f4a4-618d-4e40-83f3-25e84138a379,Jessica,Cabrera,phillip85@silva.net,Financial controller,Finance,1985-06-21,129576
d41e3602-38ec-4726-87f5-79100de18c6c,Julie,Garrison,robinsoncraig@thomas-rodriguez.net,Administrator,Engineering,1986-12-17,44824
cc6ebc42-d4e9-4e06-bef0-57898cabf0ff,Caitlin,Alvarez,daniellawson@martin.info,Seismic interpreter,Marketing,2007-04-07,80371
5a0e1c48-6087-41ad-8961-55fc9fcb1116,Stephanie,Wilson,gonzalezdesiree@ayala-roberts.com,"Copywriter, advertising",Finance,1973-05-05,129032
8c5eb6a0-12e0-4a54-a773-3d727bc31ed3,Christina,Espinoza,kristynorman@frank.net,"Investment banker, corporate",Sales,1993-10-28,58674
3e3a7496-12f0-4a0c-8a16-721147cc9a9d,Veronica,Hartman,upreston@rivas.com,"Programmer, multimedia",HR,1978-08-20,56443
1d30adff-e917-4b6a-bf12-327ca83922f7,Jasmine,Aguilar,edwardslinda@guzman.com,IT technical support officer,Sales,1980-03-24,126693
b9f79766-9850-4dc0-9cea-faa3267734e8,Brandon,Mcdonald,ijacobs@chandler-duncan.org,Best boy,HR,1991-12-17,122967
b909e9f4-a883-411c-acd3-bf88d564ba2f,Eric,Horton,amanda70@perez.net,Community pharmacist,HR,1993-09-01,114362
6640fb92-5244-4d2e-aeed-ed54c351f79a,Steven,Zimmerman,yguzman@hunt.com,Solicitor,Marketing,1963-10-08,74143
80f747f3-7146-47d4-91d5-96703e02f03f,Amber,Gutierrez,charles05@thomas.com,Agricultural engineer,HR,2000-08-19,108869
16d5050f-05ca-48d9-9aa9-a25ac193a762,Sarah,Medina,duncandaniel@howard-davidson.com,Forensic scientist,HR,1986-12-06,127232
8543900c-fbda-4f30-aeed-4dc85ce80640,Natalie,Sanchez,xcraig@sherman.com,Exhibition designer,Sales,1999-09-23,66558
41eb9705-86e9-4ad2-8653-aecaf7dc8c31,Melissa,Cooper,shawnmorris@mccann-perez.biz,Environmental education officer,Marketing,1980-10-15,51120
ca089db7-1e34-43ba-b20a-bf8d7ebbc6df,Christine,Barnes,cdunn@lee.com,Manufacturing engineer,Finance,1975-11-24,71625
933e80d9-479a-47d4-873a-a6f35343120f,Ryan,Hall,ashley23@smith.org,Television floor manager,Finance,1970-12-24,88827
4b07003b-3f38-4f27-82cc-ee78d2e769c0,Derrick,Perez,katherine13@keller.com,Geographical information systems officer,Finance,2007-06-14,137880
08cac797-4b2a-43d7-8132-ddbd182fdb0d,Ashley,Cox,carrheather@roberts.com,Broadcast journalist,HR,2001-09-05,125616
0873513b-da7c-472d-98b7-495e67385065,Tonya,House,stephenmorales@green.biz,Chief Executive Officer,Marketing,1961-08-11,45607
c62b40ff-4d35-482d-b92d-60989d42eae3,Michelle,Morrow,donald09@lee.com,Counselling psychologist,Finance,1962-08-02,91415
038d23ff-6e20-49fd-b6cc-ee35515ac61a,Jamie,Obrien,monicaalvarez@austin-johnson.biz,Clothing/textile technologist,HR,2000-04-25,57252
22b54fab-dbf6-4577-886f-0c4d13ad91d7,Marissa,Coleman,upotts@harrington.com,Fish farm manager,Finance,2000-07-17,85223
06f0682a-34fd-495c-b83e-ae191abc3908,Nancy,Dunn,jeffreywilliams@brown-reynolds.com,"Therapist, horticultural",Engineering,1981-03-31,41337
6a78fc10-ef3f-4617-a5e6-47845b491c4b,Robert,Oliver,shannonrogers@paul-harvey.com,Systems analyst,HR,2004-07-21,103403
ee560685-de1c-452a-a228-f1fa62d26185,John,Daniels,oferguson@smith-huynh.com,"Restaurant manager, fast food",HR,1984-02-09,80137
e6eabc34-fe13-4eb0-990c-f54e257c503f,Aaron,Burke,rreyes@estes-rasmussen.com,Careers adviser,HR,1988-03-20,43936
e06b94f2-5d4b-41d1-9fbd-a95e28ac6ef4,Nicholas,Greer,james09@gomez.com,Occupational hygienist,HR,1960-12-11,110390
229e4cb2-dea4-4247-b1eb-7b84071a5546,Anthony,Williams,hernandezkatherine@bryant.com,Fish farm manager,Finance,1992-04-08,97340
13a135c2-32ce-4f6e-bb09-8dcf971ae335,Marcus,Everett,jeremy15@miranda-cannon.com,"Education officer, community",Sales,1975-04-08,147032
b35da445-aa01-43d5-8db5-de7860b57083,David,Cook,stephensellers@flowers.com,Operations geologist,Engineering,2001-07-13,96314
6d02725b-8383-455e-b3f5-6ae8aae8683b,Amy,Wiggins,wangjustin@ramirez-moreno.com,Government social research officer,Marketing,1959-12-14,127874
a9e58182-227c-4c67-b22f-c2d6a6775770,Melissa,Ferguson,vweaver@boyd.com,"Nurse, learning disability",Finance,1982-06-15,144634
0eb6eb2c-185a-457a-926e-d4a59d48873e,Elizabeth,Miller,laura17@stewart.net,Hydrogeologist,Engineering,1993-05-24,140374
f93b7bd4-ae54-40f1-a29e-3d49b4b25535,Jessica,Robinson,jennawebb@johnson.com,Social researcher,Marketing,1990-02-14,101908
e793ac92-5897-4863-bd26-69d2a616db68,Crystal,Morgan,emily63@cunningham.com,Trading standards officer,Engineering,1970-05-09,145502
3dc66996-4c47-4feb-a6d8-9495a82476da,Katherine,Webb,jennifercooper@richards-gay.com,Aid worker,Marketing,1998-01-22,102400
6f646169-0c4e-4b9b-aa23-e8fbfd364f19,Daniel,Evans,bowmansara@booker.biz,Water quality scientist,Engineering,1997-04-28,116666
5c619d07-b1da-49f4-a3ba-42179762f350,Dennis,Sweeney,cynthia43@owens.net,Risk analyst,HR,1971-04-25,76203
cece2800-681b-4e72-a7a9-6f61b5b94c5b,Sean,Smith,yushannon@thompson.net,Marketing executive,HR,1975-03-14,137892
063780f2-6497-459a-b9ae-b762c9e506b5,Lisa,Smith,alexwilson@bond.com,Market researcher,Engineering,1988-08-06,97818
60bdf3f1-bbf7-477d-8a75-a986d266a245,Reginald,Allen,dustinwelch@bentley-kim.com,Television floor manager,Sales,2006-03-31,49023
de095d62-5f32-4764-80fe-be53efd893e6,Edwin,Thomas,rhall@garza-lopez.com,"Engineer, control and instrumentation",Marketing,1979-10-28,149662
a52732e3-08b5-4825-9cc4-9d94f49a1049,Vernon,Rice,rodriguezanthony@miller-zimmerman.com,Photographer,Marketing,1995-11-12,149946
18cff25f-3d77-42d2-8690-a92ab2dbb50f,Jared,Odonnell,vgates@castro.com,Systems analyst,Marketing,1976-10-13,60804
bf41e267-29fb-4352-a944-d7cd3b1564af,Tina,Gardner,lowechristopher@moreno-porter.biz,Aeronautical engineer,HR,1999-01-09,106936
271893f9-fe79-4275-a1f2-9c2b8379e97e,Lisa,Lewis,edwardandrews@landry-moss.org,"Journalist, broadcasting",Engineering,1989-04-27,132996
d1f36cc9-2dcc-41c5-ac70-08226093bd8d,Laura,Klein,jesselittle@hunter-ballard.com,Fast food restaurant manager,Finance,1976-06-10,89478
779f4d32-8bef-444f-b406-537453289d59,Carol,Lopez,derrickmcclain@harris.com,Animator,Sales,1966-08-27,85535
17b5c8f4-d764-44ae-ac7e-9683937d570e,Sarah,Johnson,ryanhernandez@howard.com,Animal nutritionist,Sales,1963-04-20,60794
860e3a04-9edb-423f-af6e-e47baac483f3,Jonathan,Miller,xhenderson@santiago-ellison.biz,Ophthalmologist,Marketing,1960-10-03,58992
269c306f-6651-4f20-b1fc-26c7dfb2a16d,Joseph,Moore,creed@soto.com,Sports coach,Engineering,1966-12-05,106865
e8530eb8-71c8-4949-84e8-26006cc02db2,Hannah,Vazquez,swright@miller.info,Primary school teacher,HR,1984-03-15,147209
38b45e83-1d24-417d-82d5-7ffc9af3770e,Robin,Mcgee,rjones@simmons-costa.info,Garment/textile technologist,Finance,1996-02-25,104054
cad11f1d-6364-4ae3-a22d-346e943c452d,Christina,Green,christine42@goodman.com,"Teacher, special educational needs",Finance,1975-01-21,106746
f369e8c0-08e6-47ad-870e-cb6d00d62abb,Mary,Murphy,dustinlee@cline.com,Cartographer,HR,1985-03-28,95432
de919361-16f8-4bce-a8f8-03890a1e1cf1,Tammy,Russell,osuarez@fox-turner.com,Race relations officer,Finance,1988-05-20,94800
6de18582-5ecf-42e0-97a7-a03c5e724e05,Joshua,Gates,brenda97@adams.com,Exhibition designer,Sales,1989-01-14,69359
610e31b9-f59f-42f0-bf5f-bf24656a7aa7,Samuel,Horne,tiffany63@vargas-cummings.com,"Administrator, education",HR,1968-04-03,58872
d445994b-e099-42b2-9f9c-ac24dac9ede8,Matthew,Fox,cameronkennedy@brooks-hoffman.com,Call centre manager,Engineering,1993-04-26,50397
95715387-f1ba-4abc-a95d-1d0f7b429b7c,James,Lewis,mistyadams@davis.biz,Paramedic,Sales,1971-09-10,42999
b5f6daf8-d046-43ee-aecc-cfb3ffdde4b3,Wyatt,Weaver,ibrown@mercer-crosby.biz,Geochemist,HR,1959-12-04,102786
8a9f4e4e-eaa9-4ca8-bf2f-461975651173,Christopher,Stone,shahalex@harvey.org,Clothing/textile technologist,Engineering,1967-05-15,101135
f6a4e67b-32a5-4e93-b7c3-c1fab92e6a09,Samantha,Wilson,tyler76@gomez-payne.info,Television camera operator,Sales,1967-11-11,98400
fdc74476-dcae-4efd-b8ce-f5b91d1c97b1,Michael,Buck,whitepamela@peters.com,Dietitian,Sales,1982-11-01,109408
c7d72995-7421-4100-ab2b-38b3174e9a4a,Julie,Jenkins,eross@wilkins.info,"Designer, ceramics/pottery",Finance,1984-01-06,109866
95041821-12b3-4fde-9863-3e9e0e8a8035,Karen,Reed,jburgess@davis-griffith.com,"Engineer, structural",Engineering,1961-11-11,72427
63098f1a-8504-4729-919e-a19e6605ba05,Tabitha,Manning,frederickbarbara@mcconnell.info,Water quality scientist,Engineering,1979-01-12,137358
f9f0398f-95b4-4fb1-9800-efc475f57de8,Joseph,Holt,stewartanne@clements-spencer.com,Nutritional therapist,Sales,1974-07-29,107635
92691346-e8c2-4d4d-9e31-4b4713e3b81f,Tara,Conrad,shicks@weber.info,Administrator,Marketing,1966-08-13,74480
e2842d76-c77c-43bb-8d0f-57562bd8368a,Ethan,Gray,melissajones@mills.biz,Naval architect,Marketing,1966-09-22,148010
058cd304-3d96-40e3-9481-58876ca575df,Jeffery,Mays,jackhull@whitney.com,Social worker,Engineering,1960-03-24,135162
f5acf5a3-ba99-4b80-8d68-b7411b5b8cfe,Jacob,Moss,acherry@jenkins.com,"Accountant, chartered",HR,1980-08-08,67641
525ac551-340e-4454-a3af-3684208309d9,Laura,Larson,cindy46@leach.org,Retail buyer,Finance,1976-04-12,102319
71840e1b-53e6-4380-a727-e5438bf04b3e,Michael,Garcia,zwilliams@roy.info,Surgeon,HR,1968-08-23,142100
a420b1e5-310b-40e5-a7e6-fd50aeda7239,Kathleen,Medina,kscott@snow.biz,IT consultant,Finance,1983-09-29,139404
a18d5d74-c4fe-4233-bf39-4f6641f7a79b,Lindsey,Hernandez,qfox@becker-johnson.info,Homeopath,HR,1984-10-03,87051
c3486d40-b2b0-4f31-9010-14e8648f69e7,Tammie,Mccall,richard06@christensen.net,Interpreter,Marketing,1961-07-16,44954
03ec8873-6184-40b4-8b3d-1794d337a3cf,Donald,Collins,alexandria63@shepard-byrd.info,Office manager,Marketing,2000-04-09,78071
88d3d87e-87b8-4aca-9e29-8e0c5cafcee2,Robert,Guzman,staffordalexandria@harrell.com,Cytogeneticist,Sales,1981-08-15,120171
5b76ec62-11f4-4edb-a822-572f85567cbe,Regina,Nelson,efuentes@jones.net,Hospital doctor,Sales,1965-09-01,121817
54da2713-bb6a-4ab2-8e18-1d41ed69c820,Richard,Lowe,currysandra@wright.com,Seismic interpreter,Sales,1977-08-30,58974
ddd33222-dff4-4a41-ab2e-b591096ce4e0,Anthony,Russell,davidlara@little-shields.com,"Therapist, art",Marketing,1985-07-29,146863
c6b27c78-d93f-41a0-9697-c4ce5d24f77e,Jeremy,Johnson,david43@olson.biz,Health promotion specialist,Finance,1993-05-29,145663
5ed6c6c6-dd2e-4214-9209-74741b6bbfc3,Adrian,Kim,walexander@sparks.com,"Editor, film/video",Finance,1976-07-14,75158
7e001cf4-799d-489c-9dd5-62cae7a7eeea,John,Cook,eric25@long.com,"Librarian, public",Marketing,1966-01-29,45649
ce9d68f5-711c-441d-917a-89cb3980fef6,Linda,Taylor,wfowler@fernandez.info,Ceramics designer,Finance,1964-08-26,59826
118525b7-8ceb-4956-b45b-79c93ac930c5,Brianna,Wright,fvasquez@wilkerson.info,Hydrographic surveyor,Engineering,1987-02-14,144556
37e1821b-dc1c-4bd8-9c7b-a76f8d670b68,Jonathan,James,ledwards@price.info,Writer,HR,2006-08-13,80089
9f377962-26c0-48bc-9a7e-a972fb8571d8,Rachel,Lyons,hubbardjames@robbins.net,Communications engineer,Engineering,1972-10-11,85272
52461d2a-db70-429d-8335-6875d53e1bd6,Thomas,Martinez,douglas42@sanchez.com,Materials engineer,HR,1970-10-22,84292
b5ca0fed-8528-4de8-b7d6-0d592c3e2b8e,Benjamin,Carpenter,plee@clayton.org,Special educational needs teacher,Sales,1992-10-09,80291
5554ff3a-b756-49f1-b052-a6280132c807,Shelby,Smith,rebekah12@ortiz.com,Health physicist,HR,1993-07-12,79280
0e5976d5-ddda-49fe-a86d-cf13d8d849e2,Johnny,Watson,ureid@york-johnson.com,Clinical cytogeneticist,Sales,2002-06-28,147225
ed34c298-2acf-4773-a485-f4ce65a36218,Shane,Durham,diana60@daniels.biz,Music therapist,HR,1993-05-15,119895
135cd542-c54e-4f0e-8ce5-be910b7b8cac,Kathy,White,veronicachapman@rivas.com,Hydrogeologist,HR,1966-02-10,137115
f4b1abda-8539-4d30-afc5-0ba94d4a74df,Lisa,Wu,asolis@lopez.net,Comptroller,Sales,2004-07-22,107553
3a039205-136c-4bcb-b70d-c54cde76e4f4,Justin,Bell,marilynriddle@king.info,Press photographer,HR,1976-12-04,57617
be65c733-9a5c-45ca-b840-19e54004fb53,Nathan,Odom,udawson@herrera.biz,Educational psychologist,HR,2007-01-25,73688
c11f64c7-eb62-47c3-abf8-630c88a428fc,Keith,Ferguson,rossclaire@wolf.com,Ranger/warden,Engineering,1994-08-15,64858
d2abff6d-d0a3-465b-a520-0e1456d2ed26,Tammy,Lopez,gmccarthy@chaney-morrison.org,Product/process development scientist,HR,1985-08-12,56018
0855136c-2651-4a44-801e-4347086d3b98,Hannah,Jones,nancyhensley@yates-hall.com,Lexicographer,Finance,1963-12-26,41584
110251c4-50e2-45f8-aef9-05960c2c9796,Brian,Daniel,julian10@finley-nelson.com,Product manager,HR,1993-05-31,91254
afff6dbd-9685-4bb1-abaa-faf54a1cbf70,Taylor,Smith,ortizelizabeth@hudson-proctor.net,Environmental consultant,Engineering,1998-12-06,86141
c110a7f3-93cc-40ce-9433-d2005bf93757,Robert,Young,gilberteric@fernandez-sanchez.com,Futures trader,Sales,1962-02-11,86661
9ecf7d53-1561-4d30-9127-403da3aaa8ee,Suzanne,Dean,amyers@cruz-dillon.com,Academic librarian,Finance,2007-03-03,61733
14d7f4c2-43ea-4db2-85ea-7be96ff2544c,Kathryn,Ryan,chunter@morales.com,Diagnostic radiographer,Finance,1999-11-21,101614
ce31b32e-beeb-4bd6-bc5a-c485eee6ee7b,Richard,Reyes,barkerdeanna@moore.com,"Programme researcher, broadcasting/film/video",Finance,1962-07-27,118112
25ddd396-db75-4fa7-87c6-41293057c9af,Robert,Mathis,millercurtis@glenn.biz,"Designer, blown glass/stained glass",Engineering,1993-01-25,99769
c55aa076-a967-47fe-a3f6-a63867ee82d7,Jennifer,Dean,edwardhester@gibson.com,Dietitian,Engineering,1971-09-16,141870
1a9606f5-e55f-4221-a1f6-5fc8e6502bb8,Steven,Campbell,browncaitlin@phillips.com,Quality manager,Sales,1994-08-26,85264
3e27c8f6-2650-444c-81db-f469f3daa50e,Joshua,Kelly,kimberly38@benjamin-chavez.info,"Programme researcher, broadcasting/film/video",Engineering,1983-07-27,81326
ba32b8e7-047c-4623-8a98-23b2752b9cc7,Kenneth,Gomez,ebowers@gallagher.com,Geochemist,Engineering,1970-08-09,53748
bb136e8f-987e-49e4-ba5e-b70afb280bbb,Laura,Hill,powersjulie@smith.com,Drilling engineer,Finance,1965-07-30,93096
4b00200f-5bff-4aeb-9ee9-587ea626c3f8,Jerome,Munoz,woodjulie@lopez.com,Press sub,HR,1989-08-06,49661
ad0d6213-2658-4cbf-b189-781f061cf876,Greg,Nicholson,nrobles@torres-holloway.info,Phytotherapist,Marketing,1992-06-10,100898
29a3cae9-a869-46c9-98dd-9f54ea8f8a73,Michelle,Parker,psmith@beck.net,Hospital doctor,Sales,1977-01-21,48796
fb231566-5a31-407d-a62b-835bc8318f77,Amanda,Medina,browntonya@wilson.com,"Editor, magazine features",HR,1979-05-22,77333
498ec9eb-1a36-4d80-b715-0c4e5a4319cc,Bethany,Foster,karen27@gonzales-rivers.com,Mining engineer,Marketing,1999-03-12,102633
9d80b98d-50ab-4aab-b422-22b4f6fd3cec,Jacqueline,Garcia,chanamber@may-morales.com,Outdoor activities/education manager,Marketing,1967-03-31,134247
7d53c124-fb0f-4d84-9861-e8dddaa6489d,Benjamin,Rodriguez,dcox@campbell-smith.org,Careers information officer,HR,1989-12-04,141110
ebe113a4-eb05-4519-8cf7-73d833e93811,Joel,Garcia,xmeyers@walters-pratt.com,"Therapist, speech and language",Sales,1998-05-06,40509
2de5efc2-121b-4208-9e08-76885500216f,Benjamin,Hall,leonardallen@ballard.com,Firefighter,Finance,1976-01-23,103295
7a88dc5c-2876-44f2-bca5-e67bbc3a31ab,Nicholas,Perry,omorales@velez-perez.com,"Therapist, horticultural",Marketing,1964-05-18,60736
8b34bdab-0901-4b72-94a0-748c585f921a,Keith,Vasquez,ibrown@perez-garcia.org,"Librarian, public",Sales,1993-01-26,90661
7165859c-583c-4d13-be52-c30e7cb05149,Ian,Carroll,martinezgregory@thomas.com,Best boy,Sales,1990-08-04,107737
e885e1d4-6014-466e-b77f-8d712657f1f4,John,Richardson,zbrown@chaney.net,"Teacher, adult education",Marketing,1963-08-12,107137
de9afa5c-ac41-4079-a7dd-793e9a914c75,Jason,Salazar,ramirezjeffrey@fernandez.com,English as a foreign language teacher,Sales,1981-11-11,47034
7c40b8b2-687a-4c4f-824e-7bb0285ad590,Kristina,Foster,bfoster@wright.com,"Scientist, research (medical)",Marketing,2007-04-03,44042
5d6aa2b8-fe10-4448-bff5-50cfe5a9a343,Nicole,Lee,petersonangela@foster-morton.com,Trading standards officer,Finance,1971-11-02,132855
9141eed5-4965-4045-801a-d280ae8529f7,Julia,Hernandez,huffjohn@wyatt.com,Call centre manager,Marketing,2006-11-09,83643
68a50218-6fdd-48e6-aa98-03a332e6faf0,Brandon,Rocha,ccoleman@leonard-woods.com,IT sales professional,Sales,1986-01-10,86466
dad300e3-5c77-411a-8fb6-2817c3066509,Kimberly,Wise,douglassanchez@roberson-barker.com,"Producer, television/film/video",Engineering,1974-01-07,131702
d6c846b2-1e77-4596-8680-0fcdebc12547,Elizabeth,Jimenez,gandrade@hayes-savage.biz,"Editor, commissioning",Sales,1995-11-07,51701
a2e9c5a1-b77e-4e4c-9f8d-f27760c0b102,Heather,Williams,tom92@morgan.com,Market researcher,HR,1966-02-28,144658
9bb3b4c7-ec8f-4d19-9d0a-eccf8286f9b7,April,Barker,monroebilly@rivera.biz,Estate agent,Sales,1996-01-14,100642
38247297-115a-4566-8acc-a143089f461a,Mark,Young,denise67@rodriguez.net,Legal executive,Engineering,1998-04-22,94011
7158076c-6f52-4447-bca0-9a71f3bb0710,Katie,Keller,whiteelaine@walters-mcgrath.com,IT trainer,HR,1986-06-27,69427
54f1d712-92ff-4706-ab3b-d70f9efa064d,Norman,Hanna,jenniferking@kennedy-ortiz.com,"Scientist, water quality",HR,1972-03-05,50862
7bbfdc0e-e917-4ea0-bba8-279bbdb7a70c,Jason,Morton,jenniferday@stewart-porter.biz,Contracting civil engineer,Engineering,1977-04-14,111912
9017c9c4-502b-4095-bc8e-dcb7617ea6b7,Katie,Lang,juarezlisa@smith-miller.com,Paediatric nurse,Marketing,1968-05-23,140872
5cb44478-4023-462a-8078-8d6bab30a2e7,Jeffrey,Graham,kristenberry@peterson-mitchell.biz,"Accountant, chartered public finance",HR,1986-04-13,43153
e37646e2-b900-49af-9229-103abaa53858,Bruce,Long,rita36@yoder.info,Dancer,Finance,2000-02-17,129493
119a368c-3d91-4b82-8ea5-9a1daa9ef404,Heather,Collier,shawn02@johnson.info,"Production designer, theatre/television/film",Engineering,1997-09-11,92159
b1bf415c-1970-4ecc-adaf-355b8efb3fe5,Anna,Garrett,williammartinez@williams.biz,Immigration officer,Engineering,1978-10-08,65885
0d5b606b-51ad-4438-8894-3a5432486858,Linda,Schmitt,richard15@williams-johnson.org,Housing manager/officer,Finance,2002-12-25,100350
c2a90595-937f-4f0d-a216-561c133a29ae,Amy,Hutchinson,joancalderon@chavez-perry.com,Public librarian,Engineering,1965-09-08,138793
d58f04e3-5fed-4237-8a9e-3883c17f2864,Thomas,Baird,staffordpatrick@horn.com,Manufacturing systems engineer,Finance,1982-06-21,102170
d1c70067-6b43-4199-8797-2b1bcb6de683,Katelyn,Flores,michelle84@young.info,Publishing rights manager,Finance,1983-09-22,50791
7d8d7748-ac2a-4e63-a0f8-80c1c883728b,William,Schneider,camachomary@luna.com,Camera operator,HR,1973-10-01,145930
e11811a8-f361-406a-be4f-8c6df007a05f,Erika,Miller,ccummings@wolf.com,Chartered legal executive (England and Wales),Engineering,1963-02-22,101395
fcdc0358-43a6-4b3f-857e-f6491b02016d,Bryan,Morales,samantha81@duffy.com,Farm manager,Marketing,2006-10-25,136515
6095d5c2-f154-4aa5-ace7-a23886c0b40f,Brian,Brady,wintersdennis@vega.com,"Librarian, academic",Marketing,2003-06-02,101004
61ea9a29-f913-433a-89c3-bd61008c3781,Theresa,Manning,fosterbrandy@hill.com,"Teacher, primary school",Finance,2003-12-01,47227
a3527751-90d6-4c13-b5df-abd3d77978a1,Kelsey,Sanchez,myersjavier@arnold.com,"Nurse, mental health",HR,2000-05-13,45729
2553e838-7767-4786-89e4-cdd7a1e5c175,Kim,Rivera,emilyaguilar@pierce.org,Insurance risk surveyor,HR,1990-07-27,83985
64a400a9-2545-4422-908f-86cb6e55e202,Lisa,Roberts,katelynstone@bradshaw.com,Maintenance engineer,Engineering,1973-09-25,84407
39b2b565-3702-4ff4-8dba-d785a4cb3cad,Emily,Morales,emilykane@jensen-johnson.biz,Chartered loss adjuster,Marketing,1990-05-25,149795
64e4310e-bb54-4a27-bdaf-c83c12d7f2c3,Connor,Odonnell,fcolon@hoffman-campbell.org,"Engineer, agricultural",HR,1993-09-24,56456
47481e57-f41c-4e26-9ea1-a6f6c411eb3f,Adrian,Hobbs,herrerarose@porter.com,Trade mark attorney,HR,1967-05-20,143779
34c08448-2385-4e4f-8765-5a0fd73b3703,Leslie,Blackwell,ngarcia@campbell-bradshaw.net,Psychiatrist,HR,1982-03-28,104528
fd2fa378-9865-43fc-a210-f7864e7b6745,Mary,Bowen,bakermartha@jones.com,Editorial assistant,Sales,2003-12-16,112559
db5f3412-01d3-4651-afb0-fd95091e9630,Ethan,Lopez,gharvey@george.com,Chief Marketing Officer,Finance,1990-12-26,98906
71ddff06-bd9e-4240-ad07-02174add32f8,Ann,Ramsey,nelsonkristen@baker.com,Make,Sales,1967-11-25,91731
2682d621-91ab-49cc-ab43-9b1fc4b1f033,Nicholas,Estrada,brandtsteven@valdez.com,Oceanographer,HR,2005-10-31,127726
11a0f82a-e18b-4991-8b34-be60d63a9208,Nicole,Reilly,kglover@leblanc.com,Animal nutritionist,Sales,1988-05-29,87013
6919ef3c-c095-45cd-a12a-8cf2924e95a8,Barbara,Harris,holly55@white-cisneros.com,"Engineer, building services",Sales,1961-07-28,41598
75fa0e85-ee0c-49b4-a747-de259c2590fe,Mark,Anderson,lewisnicole@reed.org,Insurance account manager,Marketing,1964-01-21,117106
dc8437d8-f531-46ee-9067-75d42c0cf42d,Heather,Rodriguez,johnmorales@chapman.com,Financial manager,Marketing,1982-12-05,140662
a19f3475-33a1-4264-9160-8a0752aaaa47,Jason,Morgan,ksmith@hays-harvey.org,"Engineer, manufacturing systems",Sales,2001-01-30,59112
a0d552bc-2413-4730-b538-d701e1902bd6,Julie,Hoover,sue66@logan.com,Paediatric nurse,HR,1972-01-05,135634
dacf8ca4-813b-485b-bb3f-0849988ab4e8,Earl,Smith,jeffrey30@jones.net,"Engineer, technical sales",Marketing,1983-10-17,75713
d6e582dc-e977-4486-8d71-21ec6736b627,Joshua,Dunlap,kelli90@castro.com,Marine scientist,Marketing,1983-10-17,125616
ce4af4a3-e84b-4a27-a8d5-46d268e1ecfe,Tony,Webb,kimberlytorres@rodriguez-west.org,Ranger/warden,Finance,2005-08-24,129173
3732bbcc-f148-4927-a8ae-dc5dbfbb52ce,Tina,Wood,campbellamanda@anderson-matthews.info,Quarry manager,Sales,1986-03-11,73693
c982192a-6d7e-4084-9e7c-d8cbe988c890,Robert,Stewart,dylanjohnson@kline-jackson.com,Occupational psychologist,Finance,1960-06-09,104236
052dd210-f087-427f-a8a4-a451f85d5f4b,Dawn,Rodriguez,ovelazquez@martinez-perry.com,Retail merchandiser,Marketing,1962-10-03,78127
da1285f1-1498-4fd8-acad-c95f384ef095,Tyler,Rivas,patrick39@fritz.com,"Designer, furniture",Sales,1988-12-30,54698
5caaa05f-0fe2-48a7-aa2e-4416fa0fd4cd,Deborah,Heath,floresjoann@morales.info,Transport planner,Engineering,1985-03-19,41037
11b89bc7-ab65-4a60-8725-f5b647fa357f,Jacqueline,Alvarez,harrisjill@richardson.com,Retail buyer,HR,1976-02-08,112852
bc272e95-d4fd-4506-a057-3c163be9fd96,Michael,Garrett,hcunningham@nguyen.com,Location manager,Engineering,1988-02-22,40644
44142bd0-4099-45c8-a01e-e12324159550,Peter,Roberts,alejandrarobbins@lewis-hunt.com,"Engineer, chemical",Sales,1976-11-24,41136
727cc351-65c9-43f0-8390-c6625a6a1f8f,Robert,Andrews,karen46@newton-brooks.info,"Scientist, forensic",HR,1978-08-07,128469
a3239d10-66b5-4965-b0c6-bc92f638ab71,Lauren,Garcia,kimmcclure@watts.info,Medical illustrator,Engineering,2003-08-20,148782
ad038b7f-20c7-47c8-85dd-3c206ccd8585,Kyle,Gonzalez,taylor90@brown.com,"Scientist, physiological",Engineering,1999-10-21,143745
1a980158-dcd0-4083-ad07-e4f7ec6c3db7,Laura,Long,oliviaward@webb-adams.com,Restaurant manager,Sales,1997-10-24,78593
935ed2c8-3a05-4ee3-9c37-7d2b4100d4b8,Keith,Lawrence,kathy04@brennan.com,Health service manager,Finance,1961-06-13,119714
706e4c64-5906-4c89-83e6-d8f3fced63f7,Marie,Miller,yolandajackson@warren.com,Trading standards officer,HR,1996-12-04,97111
a214e132-1919-474a-b6ff-48d24020c363,Jeremy,Peterson,sstevens@rios.com,Administrator,Marketing,1999-08-17,77502
2d1e0cbc-6b85-4dff-916c-e7a3d6eb8696,Cody,Cooper,ehunter@wilkins.biz,"Chemist, analytical",Finance,1976-06-09,113935
f752f4d0-312e-4c4f-a366-86601fa18fbb,Erica,Kidd,jessicacooper@cooper.org,Mudlogger,Marketing,2005-10-03,98805
a0751eeb-fbcd-44d3-a949-4a2b2deac163,Charles,Lin,curtis32@martinez-haynes.biz,Naval architect,Finance,2004-09-26,55796
279960f1-ec3e-46de-bbcd-2f7d618b38f7,Christopher,Reyes,jacob84@obrien-elliott.org,"Engineer, chemical",Sales,1968-05-25,142088
6b8a6a58-2b27-4246-b240-ccad93ae97ab,Michael,Howard,ellisonelizabeth@berger.info,"Surveyor, rural practice",Marketing,1971-02-09,88029
c0b4194d-3388-425e-855f-fc8599544f79,Matthew,James,josemcgee@reed.biz,Warden/ranger,Engineering,1979-12-09,68412
9f7404da-1770-46eb-a25f-9c14779f73a3,Andre,Martinez,hblack@taylor-gomez.com,Industrial/product designer,Finance,1997-01-26,76245
04d0c1b2-2ac6-4066-a614-fbb64ec53604,Christina,Moore,juan54@thompson-cook.biz,Broadcast presenter,Engineering,2005-01-01,69666
41fac85d-450e-4ced-9bdd-d3e1bc5db887,Kimberly,Johnson,johnsonronald@whitaker.biz,Firefighter,Engineering,1968-03-09,138796
6433608a-b292-4281-94ad-1614bda4fc2a,Katherine,Ritter,esparzajenna@meyer.info,Sport and exercise psychologist,Finance,2007-03-15,78032
97757be2-001f-4b6d-86c7-f613d04074b2,Eric,Graves,wendy46@gomez-wyatt.com,Financial adviser,Marketing,1986-02-26,57051
fabc5a08-21db-4ce3-86e1-f25995b6f91e,Manuel,Mcdonald,alan26@clark.com,Advertising account planner,Engineering,1960-10-01,71646
3c693249-5b48-40fa-a71e-24c1fe95df12,Tony,Shields,djuarez@beck.info,Public relations account executive,Finance,2000-05-05,127740
18f3b1c8-1ea8-4448-98eb-f05c8c9864bc,Leslie,Good,gregorygibson@banks-thompson.info,Commissioning editor,Sales,1982-05-21,99760
e73af4b5-fde7-4b5c-a561-2f18b3fccb30,John,Casey,lhuber@lee.com,Health visitor,HR,1968-03-06,105560
cf78df67-25f5-45d7-9787-e677601a0858,Elizabeth,Esparza,nicholemurphy@hart-bryan.net,Television camera operator,Marketing,1960-06-04,99080
69835eea-ed33-4d96-a394-26d78ca8c753,Anthony,Hobbs,michelleknox@carter.net,Oncologist,Engineering,1978-03-17,140005
4d5ec409-74f6-4c5c-bc50-b5b035524f32,Belinda,Cook,jordannorton@roberts.com,Health service manager,Sales,1991-09-01,135447
a31214a8-0764-44d3-847c-33f7391849ad,Thomas,Leon,morrisdorothy@lopez.com,Company secretary,Sales,2006-11-27,103945
f9556fb3-4144-4f68-9e26-5a02e4d17c76,Melissa,Bennett,pgarcia@moreno.org,Hotel manager,Marketing,1961-03-09,111608
57ca1ac1-4639-48f7-bceb-cfd0d6188e2a,Barbara,Moran,anthonymartin@garza-owen.com,"Engineer, civil (contracting)",HR,1969-01-06,115568
2476a5ec-2aa8-466d-b84a-b3b89661f0f2,John,Dominguez,zachary49@walker.com,"Psychologist, clinical",HR,1988-02-06,45043
16ba2b50-230d-4c82-ab00-652c9993c417,Kelly,Carson,staciehanna@washington.biz,Automotive engineer,Sales,1966-07-03,64668
31da9d6d-9a12-44ca-a935-b32abaffb80a,Cynthia,Avila,brad24@white-jackson.biz,Public affairs consultant,Engineering,1973-05-25,82638
1b5caabf-669d-4693-b7de-46eda0d91d74,Adam,Larsen,holderkaren@tucker.com,"Engineer, civil (contracting)",Finance,1997-08-25,95880
d1cd7b28-becb-4cc6-81bd-ad196146fd4a,Richard,Gardner,glassdustin@hoffman.info,"Journalist, newspaper",Finance,1969-05-03,135322
da29c767-9da8-4df0-962f-113336b40a92,Amanda,Cox,thomasrichardson@clark.com,Medical secretary,Sales,1984-01-10,78752
84ee9f54-621b-4de7-b2ba-6d2fe09cab9c,David,Robinson,robert11@wilson.com,Medical laboratory scientific officer,Marketing,1970-04-26,130894
e783c3ae-6f3d-4d7c-9bd4-132d0bacc674,Sandra,Duran,jessicawilliams@smith.biz,Commissioning editor,Sales,2004-09-26,71691
4e59b540-834d-479d-a171-e6389d692831,Scott,Murray,ibautista@marks.net,Garment/textile technologist,Engineering,1988-07-22,55527
27918919-484b-49be-84fd-3a871aa32e54,Victor,Campbell,jessecasey@moore-mcmahon.com,"Development worker, community",Engineering,1974-08-05,77596
6898d0b5-9f6a-4da1-b106-480dd83dcf55,Ronnie,Montoya,louis58@wilson.biz,Industrial buyer,Marketing,1983-06-18,50928
65b2bae1-1de3-4cc9-992e-88a001d5d18f,Timothy,Wright,hchristian@herrera.com,"Education officer, museum",HR,1986-10-28,126281
22cadc02-05b7-4ed6-b9a3-cbebb269e8bd,Jason,Hill,zsimmons@pearson.com,"Scientist, product/process development",Sales,1964-09-20,72996
c375e769-9d1e-4898-861f-375bf5618f5c,Troy,Clark,jimperez@mason.info,Psychiatric nurse,Marketing,1970-03-10,47058
243e3192-1ff9-4e75-b5e9-f723244cf305,Michael,Hernandez,thomasdennis@steele.com,"Geologist, engineering",Finance,1975-03-24,96596
d3498901-368d-43b4-acf5-6e6121922a45,Nicole,Chen,seancowan@chavez.com,Accommodation manager,Engineering,1964-10-16,62606
97a5bca0-29b8-4957-bda9-749db6f5c9e1,William,Zimmerman,crawfordalyssa@garcia.com,"Doctor, hospital",Sales,2002-12-15,109887
858d7ebd-c7ed-4ec8-9c13-c773ec94c330,Anthony,Allison,stephanie45@hood-bond.com,"Journalist, newspaper",Engineering,2005-10-04,133223
8ad351e2-af13-45b7-b23e-d78980ff5074,Kyle,King,heatherblack@rowe-moore.biz,Control and instrumentation engineer,Marketing,1964-04-11,75119
22e46f57-b98e-456c-8597-36d5df75939a,Christine,Davis,garzaconnor@wright-marsh.com,Banker,HR,1992-11-19,98962
1c2d172c-bcc4-4dbd-a714-ae0c9484a703,Elizabeth,Garcia,luis29@chase-gross.info,"Scientist, biomedical",Sales,1965-08-21,57010
28a25aa9-47b6-4792-96a1-8a07515a657d,Jeffrey,Thomas,lashley@paul.net,Publishing rights manager,Marketing,1999-03-31,77062
712c213c-5c9e-466f-9327-cadddc5f9d5e,Kathy,Brooks,steven94@tucker.com,Ambulance person,Sales,1966-06-30,142913
f63d4808-ad70-4707-98fa-e4eec30a4a85,Patricia,Stanley,kristina53@wood-lewis.com,Armed forces training and education officer,HR,1989-01-24,128279
8755a276-a269-4ae2-8eea-d527f5f8c42e,Stephen,Stevens,carolynhaynes@ewing.com,Clothing/textile technologist,Sales,1974-09-13,141986
7cab4d9e-9a39-4c5e-91a2-7eecda69ed44,Thomas,Mills,hunterkatherine@scott.com,Firefighter,Finance,1997-05-29,99982
96b6a6b5-e7d4-46c3-8d63-827b40ff8b13,Joseph,Murphy,ihernandez@sandoval.info,Chief Technology Officer,HR,1997-02-12,48703
04603799-c8d3-43fa-ba4f-41d7ccaffcc2,Jose,Morrison,howelljoseph@henry.com,Health visitor,Engineering,1976-01-17,110399
530a9545-2eaf-431c-aedb-58cf0ef82cfe,Philip,Armstrong,tscott@perez-brown.com,Outdoor activities/education manager,HR,1980-06-25,73243
3fa4f493-7e8a-4386-b997-0ed026acba11,Autumn,Johnson,iwalker@pena.com,Volunteer coordinator,Sales,1985-07-18,118247
1269c424-a7a4-4848-8658-33782530d15d,Sharon,Robinson,craigamanda@esparza.com,"Production designer, theatre/television/film",Engineering,1987-05-27,72352
8676afb3-fa0e-4206-806d-a85f49dd2576,Stephen,Pham,michaelcortez@knight.com,Art gallery manager,HR,2000-06-19,82697
37acbea1-7917-45db-9faf-e5b8ee35dfb1,Elizabeth,Ellis,fbecker@miller-stein.com,Education administrator,Engineering,1962-08-30,109437
9c5f16ca-d676-43a0-acf3-1768e770091c,Stephanie,Santiago,alyssa08@perkins-rice.info,"Psychotherapist, child",Marketing,1997-09-17,90264
4cec0b8c-00d4-4f7b-98f0-6a127967022b,Lisa,Jensen,jessicadodson@stewart-leonard.net,Analytical chemist,HR,1999-04-18,135725
1b4d73ba-52e3-4ed1-8bcf-6f3034435ecb,Donna,Jackson,cookmark@mccall-johnson.com,Actor,HR,1998-04-20,133464
d216acd6-25d3-4692-8835-8f7311d85fd2,Tony,Brown,juansmith@davis.com,"Engineer, petroleum",Sales,1969-11-28,144111
f199a29a-1ec5-4f73-bef0-1169d03c8be0,Brendan,Shelton,knappthomas@arroyo.com,"Scientist, research (physical sciences)",Engineering,1978-09-01,115848
c05f8f21-f72b-4282-8550-e52fe9c71216,Sean,Holder,usmall@jackson.com,Orthoptist,Sales,2002-03-17,60680
ec7ebcae-44f5-424b-aaee-a567115c4a14,Todd,Johnson,nicholas26@mcconnell.biz,"Development worker, international aid",Sales,1970-04-05,101821
0707b354-0790-4dbd-a645-d2b795ce8f30,Daniel,Cole,danielle88@armstrong.net,Therapeutic radiographer,Finance,1977-12-26,118742
1414cc8e-4090-4187-b82f-cf903aa888e5,John,Luna,donna46@simpson-williams.com,"Engineer, electrical",Marketing,1960-11-24,57758
49562614-05ee-41ce-ab3c-ef0e1d2ec2ad,Ryan,Haynes,marygardner@cole.info,Transport planner,Finance,1972-05-13,110784
10b667dd-b0cd-46fe-957e-f4000056f2e8,Wayne,Austin,rothjoshua@valenzuela.com,Financial planner,Engineering,1997-07-15,81033
d94e2073-3b1d-4f78-ae25-3ac9714772b4,Robert,Murillo,wnelson@kaiser-montgomery.com,Further education lecturer,Finance,1984-03-06,45128
1878cb3c-bf83-496f-8562-407984a89f25,Seth,Jackson,mirandaflynn@johnson.com,Accommodation manager,Marketing,1990-06-19,55478
b9ea2e08-af6c-448e-942d-bed11d52be58,Alexis,Johnson,brandy97@hall.com,Ergonomist,Engineering,1966-05-31,61333
aa868518-848a-4179-80df-f14a5b76bc9c,Debbie,Flynn,moorejordan@skinner.com,Horticultural therapist,HR,1997-11-25,73893
a14eb1bb-28de-49ef-9789-932a0268aa88,Eric,Wang,heather24@butler.info,"Engineer, drilling",HR,1985-07-26,128031
c9b7d87f-7a4b-4f8e-a75b-2475244467f1,Tiffany,Campbell,mcclurevanessa@williams.com,Biomedical engineer,HR,1973-08-24,132836
f36e6d87-b5ff-461f-ac14-b87e7ec9bb74,Denise,Watson,melissa58@long-hendricks.net,TEFL teacher,Marketing,1959-10-15,120146
f46847f2-602a-448a-bb4f-164dc2816c0c,Raymond,Smith,kimberlyperkins@joseph.com,Data scientist,Marketing,1982-08-09,43547
fde9677d-eeaa-4f52-a454-d16b949f3a9c,Diane,Mack,rcooper@summers-cunningham.biz,Careers information officer,Finance,1960-02-25,55371
55f7dccb-4281-4a66-9e8d-b0bd5fabac47,Oscar,Collins,elizabeth12@wolfe.com,Bookseller,Engineering,1985-07-26,105647
248d48f7-afee-42a7-93b0-e9db5d3b21ca,Douglas,Williams,pamela98@garrison.biz,"Therapist, drama",HR,1973-07-03,72242
4ea67d5a-d3cf-40cc-ab2c-0ae1a1560bfc,Shelly,Hunter,coxjacob@welch.com,Geoscientist,Engineering,1980-01-14,106213
3d8d3fbc-550d-4e58-8871-8b5ee13a7b77,Daniel,Baxter,danielle07@smith.biz,Dealer,Finance,1985-10-22,116762
d08757d4-b917-4982-b331-efae3b425cb5,Beth,Todd,dmoore@murray.com,Chiropractor,Sales,1993-04-27,87084
19e8237e-7ccc-4771-bf99-b87042493af4,Frank,Payne,alexis74@miller-boyle.com,Multimedia specialist,Marketing,1974-03-12,93454
a36c54e1-cf0c-4774-a1d3-7107b195948c,Eric,Rios,thompsondouglas@joyce.net,"Radiographer, diagnostic",Engineering,1961-11-03,71992
7cc90fd8-29bd-4ea0-89d5-d64bd11e4cf6,William,Bridges,nmeyer@hatfield.com,Textile designer,Marketing,1995-07-07,58811
eef805a0-45c2-4bca-8ae7-b31998ebc17b,Peter,Simpson,lindseysmith@lee.com,Retail buyer,Marketing,1962-09-28,148141
66f2287a-0a60-4375-94e2-5d0bdaa44329,Sarah,Yates,jenkinssusan@garcia.com,Product designer,Finance,1969-08-11,79299
5c0a0133-4784-43d9-8f37-c99482b6454d,Katrina,Ford,jguzman@cruz.com,Operations geologist,Marketing,1978-12-17,92881
1b4bfdd0-22c6-4f3b-8395-62909e3efa52,Gabriel,Watson,rogersvanessa@allen.com,Music therapist,Finance,2002-02-18,122430
d7f8fa51-e605-4c28-8205-f5864fd7a74f,Kelsey,Nelson,qlewis@abbott.info,Automotive engineer,Sales,1964-10-12,146897
7836b0ab-568e-4666-b492-13a29ddecaed,Kristin,Roberts,james79@dennis.com,Visual merchandiser,Engineering,2001-03-15,94215
d89b0142-2f67-40e4-87c6-10667a5b16a1,James,Taylor,renee65@dillon.com,Nutritional therapist,Marketing,1981-02-10,112217
c540262c-518b-4c3b-a998-36590d72ddb2,Brittany,Fleming,heather99@young.net,"Editor, magazine features",Engineering,1976-09-10,105034
0ff752bf-aa54-4793-825f-219b811088a7,Mitchell,Kelley,smithjanice@todd-soto.com,"Surveyor, building control",Marketing,1965-07-12,120823
0517e521-941b-41c8-8467-db961ef1b5fb,Jack,Banks,tharrison@gonzalez.com,Planning and development surveyor,HR,1967-04-26,147272
cc8c003b-f287-499e-b067-305520997dfb,Jennifer,Becker,jeffreyescobar@murphy.org,Forest/woodland manager,Engineering,1988-05-31,47797
821cb0ba-b383-44c0-9fed-9e19b39bb06d,Nicole,Shelton,susan07@goodwin.com,Primary school teacher,Marketing,1970-06-10,138229
b3e50fe6-5226-47bd-a525-2acdc8e004a2,Julie,Taylor,ulee@lee.org,Chartered management accountant,Engineering,2005-09-26,59194
b011b91b-11fd-40f0-a34c-e0886b6162b7,Lindsey,Pierce,caldwellcheryl@ortega.com,Radio broadcast assistant,HR,1969-04-08,137516
83721030-c6b6-408a-ba18-cc134f9a2bf9,Deborah,Bell,pobrien@young.net,"Programmer, applications",Marketing,1977-11-28,124520
4b57db93-ff5f-4c3b-b586-77297fc495cb,Tammy,Hernandez,jasonmaldonado@ferguson.com,"Investment banker, corporate",Sales,2006-08-26,144022
64eee7bd-2e69-4be5-b036-23493743c7db,Ashley,Garcia,kgates@diaz-reed.com,Naval architect,Engineering,1977-07-11,55403
4ed87be4-511e-4a2d-ba5c-b22bca84ec73,Renee,Jenkins,royherring@newton.com,"Engineer, agricultural",Marketing,2005-06-05,132081
ce0451df-48cf-438d-895d-cada747cd57d,Steven,Franklin,luiswatkins@castaneda.com,Clothing/textile technologist,Finance,2004-03-23,68595
bed32aa6-71b0-4eef-b7ac-e9f086aea9f8,Elaine,Finley,ryan79@ellis.com,"Engineer, automotive",Finance,1997-08-27,63366
b634ac44-35e3-4a47-84f2-84d9be6b00c8,Sharon,Dickerson,crosscharles@jordan.com,Adult nurse,HR,1979-04-09,45527
c9d54926-6dde-420c-9e8f-e4a273d86b8a,Michele,Price,ndavis@edwards-klein.com,Acupuncturist,Sales,2000-12-13,137348
1ba95073-de54-4590-bdbb-eb51a6907b22,David,Gutierrez,shawn84@bradford.com,Meteorologist,Engineering,1970-10-31,145925
9a99f596-13f6-4fa2-8f87-02fafcdf2b9a,Edward,Clayton,nlevy@cross.com,"Psychotherapist, child",Finance,1971-10-20,92213
eb163b42-674d-4164-9bb5-ed68fe190c07,Benjamin,Gomez,sellerskathy@hurley.biz,Transport planner,Engineering,1967-12-31,49263
f2d28870-e9a2-42fb-8352-6b7f76c2e486,Michael,Lawrence,masoncharles@becker.com,Lexicographer,Sales,1965-02-20,75973
0fa3a3d1-3fa9-46f7-895d-5867c3ccecae,Christian,Wang,sean85@west.net,Associate Professor,HR,2004-03-25,109595
c33f662b-429d-491f-97cf-db4163dae3a3,Howard,Davis,hansenbrian@hughes-ross.com,Medical physicist,Sales,1977-07-08,69282
844c7e77-160e-4275-9529-486e04e25ab1,Kristin,Davenport,vgarrison@johnson-ryan.org,Clinical cytogeneticist,HR,1983-05-10,133685
732b025d-be46-4415-b157-5769ae356988,Charlene,Mosley,gsanders@benjamin.net,Barrister's clerk,Engineering,1980-02-13,147548
22cbc090-21c4-4c18-9dc1-819eb8a44a7f,Jennifer,Smith,ubrown@wu.com,Oceanographer,Sales,1981-05-03,107254
5e2e39bb-69d3-4d0b-9d0d-d90a8be5997f,Robin,Farrell,henry39@barnett.com,Quarry manager,Marketing,2004-10-31,100344
452185c2-bbf6-4b27-a61c-8d87756e417e,Evan,Ortega,kyle92@mcdaniel-sims.biz,"Horticulturist, amenity",Finance,1971-02-04,112869
4a76926f-fa28-4ab4-a769-19b506c48f9b,Lisa,Martin,mary45@allen-rodriguez.org,Regulatory affairs officer,Marketing,2007-08-24,101588
1e2f472e-a3d3-4b17-a401-71f59b6b8b1e,Sandra,Torres,cdavis@johnson.com,Radiation protection practitioner,Sales,2003-10-21,57427
ebe6da2c-2889-40e4-8684-bd47b51c36e4,Michelle,Snow,frank33@brooks-taylor.info,Web designer,Finance,1968-12-07,92950
601a4c1f-d0a5-4402-82a4-f49b1f903f80,Michael,Vasquez,dale96@roberson.com,Insurance risk surveyor,Marketing,1988-09-12,116834
588f75dd-f092-4fd5-bb2e-88106871aa0e,Jessica,Collier,connorwheeler@barnes.com,Estate agent,Sales,2004-06-04,52005
7f32e307-a157-49fd-a13f-0e8c02fca3ff,Matthew,Carter,tasha78@arroyo-patterson.com,"Conservation officer, historic buildings",HR,1963-06-12,99696
cc86e842-72ac-41d9-a66d-fec5a4003a0d,Lindsay,Alvarez,angela46@forbes.com,Equities trader,Finance,1981-06-23,73009
cbdd35f3-16c1-4f6f-bfd6-d3ec850bd31c,Elizabeth,Scott,michael92@reeves.com,Museum/gallery curator,Finance,1973-08-13,70844
1245a7db-1818-47e4-bdd0-4ecbe72a74d6,James,Brooks,patricia20@bryan.com,Financial planner,Finance,1981-02-05,90023
af7fb26c-0b81-4f56-be48-74dd7320dda7,Patty,Lee,wsingh@hawkins-king.com,Magazine journalist,Finance,1961-12-10,102974
3606664e-fe34-4ca6-9874-c8bfdd72b503,Melissa,Weiss,shelbybartlett@chapman.com,Energy manager,Marketing,1982-10-16,44415
9070dada-25c1-461a-8777-669cf3bc0f08,Kathy,Hall,gardnerjoseph@calderon.com,"Librarian, academic",Finance,2001-02-18,50191
